,gospodarz,gosc,daty,daty_fac,predykcja,pred_RF
1,DetroitPistons,DetroitPistons,747,380,240.722707377103,207.209046176878
2,ClevelandCavaliers,DetroitPistons,747,380,208.905373480496,215.012504496892
3,NewOrleansPelicans,DetroitPistons,747,380,210.102127925335,210.179453696304
4,WashingtonWizards,DetroitPistons,747,380,216.408575073434,213.103419437681
5,PhiladelphiaErs,DetroitPistons,747,380,233.24516751081,212.034744394494
6,ChicagoBulls,DetroitPistons,747,380,226.186854936097,202.269219428979
7,UtahJazz,DetroitPistons,747,380,193.172476042416,201.291731217413
8,CharlotteHornets,DetroitPistons,747,380,200.355078337106,210.242091875624
9,IndianaPacers,DetroitPistons,747,380,204.216840339489,208.050389312765
10,DenverNuggets,DetroitPistons,747,380,210.132252233369,213.46251335606
11,NewYorkKnicks,DetroitPistons,747,380,209.764790500655,209.875081884961
12,SanAntonioSpurs,DetroitPistons,747,380,186.639386681917,206.043962511161
13,DallasMavericks,DetroitPistons,747,380,195.035526481434,205.054889278221
14,LosAngelesClippers,DetroitPistons,747,380,197.329958510396,205.119559601142
15,MinnesotaTimberwolves,DetroitPistons,747,380,202.189622894473,209.770508931023
16,MemphisGrizzlies,DetroitPistons,747,380,203.606239505304,202.556260838656
17,AtlantaHawks,DetroitPistons,747,380,211.527413318074,209.301890972
18,BrooklynNets,DetroitPistons,747,380,201.372630640216,209.540112999879
19,GoldenStateWarriors,DetroitPistons,747,380,225.044103067264,214.639395954217
20,LosAngelesLakers,DetroitPistons,747,380,200.597128637673,208.643368403818
21,PortlandTrailBlazers,DetroitPistons,747,380,243.426685982761,207.879256072472
22,MiamiHeat,DetroitPistons,747,380,207.160546753565,207.882496582397
23,OklahomaCityThunder,DetroitPistons,747,380,199.798602297786,209.905773157519
24,TorontoRaptors,DetroitPistons,747,380,212.779805118022,212.001570025073
25,PhoenixSuns,DetroitPistons,747,380,207.855469147461,215.702718519162
26,SacramentoKings,DetroitPistons,747,380,200.849203417131,208.122842392892
27,HoustonRockets,DetroitPistons,747,380,235.044253452799,214.377217612352
28,MilwaukeeBucks,DetroitPistons,747,380,204.148113653283,204.443830150547
29,OrlandoMagic,DetroitPistons,747,380,215.162782255375,209.408460749664
30,BostonCeltics,DetroitPistons,747,380,218.201161372972,206.948894638455
31,DetroitPistons,ClevelandCavaliers,747,380,209.007554309546,210.740670363597
32,ClevelandCavaliers,ClevelandCavaliers,747,380,275.16295380146,221.318476342771
33,NewOrleansPelicans,ClevelandCavaliers,747,380,235.359851310694,221.32668607594
34,WashingtonWizards,ClevelandCavaliers,747,380,239.968135326486,227.347572767502
35,PhiladelphiaErs,ClevelandCavaliers,747,380,210.298350392071,216.651313712193
36,ChicagoBulls,ClevelandCavaliers,747,380,207.855260790494,206.507054043587
37,UtahJazz,ClevelandCavaliers,747,380,191.055638385958,208.661800616275
38,CharlotteHornets,ClevelandCavaliers,747,380,214.908239057867,216.402646573776
39,IndianaPacers,ClevelandCavaliers,747,380,226.698193703378,218.709020402498
40,DenverNuggets,ClevelandCavaliers,747,380,215.133120951589,225.109270161339
41,NewYorkKnicks,ClevelandCavaliers,747,380,208.655679456452,216.835177338566
42,SanAntonioSpurs,ClevelandCavaliers,747,380,190.807694175941,209.910121783234
43,DallasMavericks,ClevelandCavaliers,747,380,215.083991002026,213.339227340244
44,LosAngelesClippers,ClevelandCavaliers,747,380,199.628870466978,216.934217100471
45,MinnesotaTimberwolves,ClevelandCavaliers,747,380,229.940028345527,217.262798650424
46,MemphisGrizzlies,ClevelandCavaliers,747,380,187.968560130744,208.773548826851
47,AtlantaHawks,ClevelandCavaliers,747,380,248.118381292773,219.979958809873
48,BrooklynNets,ClevelandCavaliers,747,380,207.822084722666,221.468095758731
49,GoldenStateWarriors,ClevelandCavaliers,747,380,201.106378409945,225.124910311186
50,LosAngelesLakers,ClevelandCavaliers,747,380,241.159863493231,220.282787552242
51,PortlandTrailBlazers,ClevelandCavaliers,747,380,191.168364462448,215.699829278974
52,MiamiHeat,ClevelandCavaliers,747,380,220.973722882324,218.828949259134
53,OklahomaCityThunder,ClevelandCavaliers,747,380,222.43166628095,219.17299213016
54,TorontoRaptors,ClevelandCavaliers,747,380,210.05397340633,220.224489700674
55,PhoenixSuns,ClevelandCavaliers,747,380,223.683860975575,224.175285266251
56,SacramentoKings,ClevelandCavaliers,747,380,235.086631412209,216.429932209036
57,HoustonRockets,ClevelandCavaliers,747,380,212.714089932722,225.017749470389
58,MilwaukeeBucks,ClevelandCavaliers,747,380,216.733651511687,209.788726089125
59,OrlandoMagic,ClevelandCavaliers,747,380,212.777531063718,215.934042979271
60,BostonCeltics,ClevelandCavaliers,747,380,195.554781442423,213.763604759948
61,DetroitPistons,NewOrleansPelicans,747,380,222.055638385959,209.096779984912
62,ClevelandCavaliers,NewOrleansPelicans,747,380,183.656979529291,218.682739521803
63,NewOrleansPelicans,NewOrleansPelicans,747,380,243.072258886693,213.606060138686
64,WashingtonWizards,NewOrleansPelicans,747,380,202.478155820327,215.213084426749
65,PhiladelphiaErs,NewOrleansPelicans,747,380,206.040141872832,214.216205598489
66,ChicagoBulls,NewOrleansPelicans,747,380,199.297865258189,202.005841463642
67,UtahJazz,NewOrleansPelicans,747,380,197.293274737996,203.522376882887
68,CharlotteHornets,NewOrleansPelicans,747,380,245.799332111366,217.376559982994
69,IndianaPacers,NewOrleansPelicans,747,380,202.923451161047,215.406610775602
70,DenverNuggets,NewOrleansPelicans,747,380,233.557522495734,216.788459875475
71,NewYorkKnicks,NewOrleansPelicans,747,380,201.302713877754,214.364469310864
72,SanAntonioSpurs,NewOrleansPelicans,747,380,203.663427713014,208.636845877154
73,DallasMavericks,NewOrleansPelicans,747,380,196.070020827196,204.194704962676
74,LosAngelesClippers,NewOrleansPelicans,747,380,229.426126098096,213.356738422797
75,MinnesotaTimberwolves,NewOrleansPelicans,747,380,238.822993708198,215.730399997424
76,MemphisGrizzlies,NewOrleansPelicans,747,380,202.518546484483,203.696357643295
77,AtlantaHawks,NewOrleansPelicans,747,380,213.076531911192,212.763385442867
78,BrooklynNets,NewOrleansPelicans,747,380,201.214715097186,215.426739674578
79,GoldenStateWarriors,NewOrleansPelicans,747,380,227.414687241591,219.526482026944
80,LosAngelesLakers,NewOrleansPelicans,747,380,209.042365882522,215.864898664049
81,PortlandTrailBlazers,NewOrleansPelicans,747,380,212.43262767112,209.609959625489
82,MiamiHeat,NewOrleansPelicans,747,380,212.803582595973,212.624051930666
83,OklahomaCityThunder,NewOrleansPelicans,747,380,219.060644587711,215.334102593574
84,TorontoRaptors,NewOrleansPelicans,747,380,216.359515436408,222.400841223975
85,PhoenixSuns,NewOrleansPelicans,747,380,227.673049306167,220.770774547669
86,SacramentoKings,NewOrleansPelicans,747,380,216.450361826728,212.433731884613
87,HoustonRockets,NewOrleansPelicans,747,380,218.558771251122,218.461507768055
88,MilwaukeeBucks,NewOrleansPelicans,747,380,212.999918063782,205.60941775903
89,OrlandoMagic,NewOrleansPelicans,747,380,189.47317552214,211.50449924231
90,BostonCeltics,NewOrleansPelicans,747,380,218.261708447996,210.254818901613
91,DetroitPistons,WashingtonWizards,747,380,213.954659144925,208.991514184427
92,ClevelandCavaliers,WashingtonWizards,747,380,211.547507817892,217.047892626818
93,NewOrleansPelicans,WashingtonWizards,747,380,213.105874598514,214.049609380897
94,WashingtonWizards,WashingtonWizards,747,380,234.723354058274,216.102678114792
95,PhiladelphiaErs,WashingtonWizards,747,380,214.023597192582,212.751621507659
96,ChicagoBulls,WashingtonWizards,747,380,214.731106232096,205.298329225607
97,UtahJazz,WashingtonWizards,747,380,199.458408822596,207.294952422102
98,CharlotteHornets,WashingtonWizards,747,380,205.760770277455,211.097314491064
99,IndianaPacers,WashingtonWizards,747,380,219.679571958113,213.007143110339
100,DenverNuggets,WashingtonWizards,747,380,225.072841582591,218.629639272836
101,NewYorkKnicks,WashingtonWizards,747,380,221.336150887223,212.72487950383
102,SanAntonioSpurs,WashingtonWizards,747,380,217.911189469636,210.449921570487
103,DallasMavericks,WashingtonWizards,747,380,228.493287426664,210.386021994672
104,LosAngelesClippers,WashingtonWizards,747,380,244.132982046947,214.788617539405
105,MinnesotaTimberwolves,WashingtonWizards,747,380,217.376814676995,213.093300655015
106,MemphisGrizzlies,WashingtonWizards,747,380,218.93756710449,207.986918770971
107,AtlantaHawks,WashingtonWizards,747,380,216.121393651536,212.042198356422
108,BrooklynNets,WashingtonWizards,747,380,229.207036292943,216.966727547175
109,GoldenStateWarriors,WashingtonWizards,747,380,231.930948513393,223.527033120374
110,LosAngelesLakers,WashingtonWizards,747,380,208.690594258815,213.568181780719
111,PortlandTrailBlazers,WashingtonWizards,747,380,241.814828624491,213.164123444333
112,MiamiHeat,WashingtonWizards,747,380,218.489036942055,212.508886705692
113,OklahomaCityThunder,WashingtonWizards,747,380,233.229846703522,215.098589070772
114,TorontoRaptors,WashingtonWizards,747,380,201.180560314548,213.770759475827
115,PhoenixSuns,WashingtonWizards,747,380,236.004898361971,219.851321384352
116,SacramentoKings,WashingtonWizards,747,380,228.470902021739,209.524533470198
117,HoustonRockets,WashingtonWizards,747,380,224.765455121172,218.195235368053
118,MilwaukeeBucks,WashingtonWizards,747,380,219.14230818563,207.279789842321
119,OrlandoMagic,WashingtonWizards,747,380,192.360336444573,211.019941386903
120,BostonCeltics,WashingtonWizards,747,380,220.755381306266,212.219710851083
121,DetroitPistons,PhiladelphiaErs,747,380,200.351385667296,207.979240786528
122,ClevelandCavaliers,PhiladelphiaErs,747,380,217.766620909488,223.199114585564
123,NewOrleansPelicans,PhiladelphiaErs,747,380,217.422939309583,218.927584454121
124,WashingtonWizards,PhiladelphiaErs,747,380,220.376322518606,223.310469077176
125,PhiladelphiaErs,PhiladelphiaErs,747,380,241.504332496443,216.342615097893
126,ChicagoBulls,PhiladelphiaErs,747,380,226.315442432504,207.980863937137
127,UtahJazz,PhiladelphiaErs,747,380,194.610872448309,206.74115211067
128,CharlotteHornets,PhiladelphiaErs,747,380,205.998406629493,216.549424257224
129,IndianaPacers,PhiladelphiaErs,747,380,206.135723111482,214.328813399229
130,DenverNuggets,PhiladelphiaErs,747,380,232.086631412211,224.88885616051
131,NewYorkKnicks,PhiladelphiaErs,747,380,221.710351611503,218.285676721454
132,SanAntonioSpurs,PhiladelphiaErs,747,380,188.446294075856,210.577423024622
133,DallasMavericks,PhiladelphiaErs,747,380,224.525390721899,213.345058589632
134,LosAngelesClippers,PhiladelphiaErs,747,380,226.241596543469,215.801660451922
135,MinnesotaTimberwolves,PhiladelphiaErs,747,380,203.468056319311,217.820309018478
136,MemphisGrizzlies,PhiladelphiaErs,747,380,189.112644140274,207.681784634397
137,AtlantaHawks,PhiladelphiaErs,747,380,222.61902200585,215.26320108863
138,BrooklynNets,PhiladelphiaErs,747,380,216.444855098377,221.07608968314
139,GoldenStateWarriors,PhiladelphiaErs,747,380,229.992934565897,230.992210175495
140,LosAngelesLakers,PhiladelphiaErs,747,380,211.241596543469,219.326031816943
141,PortlandTrailBlazers,PhiladelphiaErs,747,380,222.066884414475,217.507169978791
142,MiamiHeat,PhiladelphiaErs,747,380,215.403806119862,216.649761451928
143,OklahomaCityThunder,PhiladelphiaErs,747,380,209.313959906271,221.021217755541
144,TorontoRaptors,PhiladelphiaErs,747,380,214.523246420462,221.435465494957
145,PhoenixSuns,PhiladelphiaErs,747,380,233.946797887286,226.258904504318
146,SacramentoKings,PhiladelphiaErs,747,380,215.933874772892,218.003729115008
147,HoustonRockets,PhiladelphiaErs,747,380,223.780009867586,224.827503710417
148,MilwaukeeBucks,PhiladelphiaErs,747,380,214.673301211881,208.694179357123
149,OrlandoMagic,PhiladelphiaErs,747,380,223.573190689068,214.492718799672
150,BostonCeltics,PhiladelphiaErs,747,380,209.851259207116,215.695113359454
151,DetroitPistons,ChicagoBulls,747,380,207.066337054292,211.503688918026
152,ClevelandCavaliers,ChicagoBulls,747,380,210.185433997539,219.306615069653
153,NewOrleansPelicans,ChicagoBulls,747,380,235.963024213991,214.481447122322
154,WashingtonWizards,ChicagoBulls,747,380,214.994501790859,215.005138751378
155,PhiladelphiaErs,ChicagoBulls,747,380,209.364882383653,212.341051943057
156,ChicagoBulls,ChicagoBulls,747,380,231.844056288026,206.445842272764
157,UtahJazz,ChicagoBulls,747,380,188.415301049603,206.73907253179
158,CharlotteHornets,ChicagoBulls,747,380,219.436672482704,215.210633957709
159,IndianaPacers,ChicagoBulls,747,380,208.550840541164,212.537075493724
160,DenverNuggets,ChicagoBulls,747,380,227.775832431471,216.37818269287
161,NewYorkKnicks,ChicagoBulls,747,380,200.970155658049,211.834291008991
162,SanAntonioSpurs,ChicagoBulls,747,380,222.587376774402,215.567495281271
163,DallasMavericks,ChicagoBulls,747,380,216.256728149806,209.313275208125
164,LosAngelesClippers,ChicagoBulls,747,380,211.899804536477,211.885934186834
165,MinnesotaTimberwolves,ChicagoBulls,747,380,217.021622491125,213.668915260967
166,MemphisGrizzlies,ChicagoBulls,747,380,211.153232856112,208.749539021712
167,AtlantaHawks,ChicagoBulls,747,380,214.779903467174,212.226593359956
168,BrooklynNets,ChicagoBulls,747,380,217.507060281024,214.426260507273
169,GoldenStateWarriors,ChicagoBulls,747,380,214.260335918344,217.144853928853
170,LosAngelesLakers,ChicagoBulls,747,380,223.43079756273,213.236637329337
171,PortlandTrailBlazers,ChicagoBulls,747,380,198.983552832437,210.719479945234
172,MiamiHeat,ChicagoBulls,747,380,211.323344251241,208.781276998732
173,OklahomaCityThunder,ChicagoBulls,747,380,220.858434199928,213.823686133432
174,TorontoRaptors,ChicagoBulls,747,380,231.072918768053,220.429254213034
175,PhoenixSuns,ChicagoBulls,747,380,212.760335918344,219.263816938617
176,SacramentoKings,ChicagoBulls,747,380,219.661091109258,211.227952111768
177,HoustonRockets,ChicagoBulls,747,380,225.420281347791,218.036807187063
178,MilwaukeeBucks,ChicagoBulls,747,380,209.243400427738,208.201790379544
179,OrlandoMagic,ChicagoBulls,747,380,196.098597962176,207.564899582873
180,BostonCeltics,ChicagoBulls,747,380,207.657545567659,207.833102214213
181,DetroitPistons,UtahJazz,747,380,186.170379708169,201.641743312723
182,ClevelandCavaliers,UtahJazz,747,380,209.453428524406,209.97554758878
183,NewOrleansPelicans,UtahJazz,747,380,211.881902833103,207.580983261685
184,WashingtonWizards,UtahJazz,747,380,198.310717044522,209.153141700075
185,PhiladelphiaErs,UtahJazz,747,380,189.994937765595,206.532314846388
186,ChicagoBulls,UtahJazz,747,380,183.535891388222,197.00412671047
187,UtahJazz,UtahJazz,747,380,194.205826681286,197.590437663465
188,CharlotteHornets,UtahJazz,747,380,229.756224338377,207.030838800212
189,IndianaPacers,UtahJazz,747,380,196.546407603161,203.520134903748
190,DenverNuggets,UtahJazz,747,380,195.568392844276,209.759179912718
191,NewYorkKnicks,UtahJazz,747,380,233.271720851502,206.3190526462
192,SanAntonioSpurs,UtahJazz,747,380,213.872630640215,202.703959347502
193,DallasMavericks,UtahJazz,747,380,224.038196079432,201.931783394863
194,LosAngelesClippers,UtahJazz,747,380,191.533625959373,201.260418737748
195,MinnesotaTimberwolves,UtahJazz,747,380,195.017925693061,204.825906255899
196,MemphisGrizzlies,UtahJazz,747,380,173.317260844249,198.943182477655
197,AtlantaHawks,UtahJazz,747,380,210.868811510226,206.210362844873
198,BrooklynNets,UtahJazz,747,380,198.389427226181,207.160365137623
199,GoldenStateWarriors,UtahJazz,747,380,200.429106679536,209.958034434497
200,LosAngelesLakers,UtahJazz,747,380,197.908490963581,207.822496993541
201,PortlandTrailBlazers,UtahJazz,747,380,209.597512533937,203.097445815578
202,MiamiHeat,UtahJazz,747,380,196.216000529327,202.889761466359
203,OklahomaCityThunder,UtahJazz,747,380,214.636436270147,206.837133551906
204,TorontoRaptors,UtahJazz,747,380,201.8190791091,207.653195359043
205,PhoenixSuns,UtahJazz,747,380,196.285399229835,212.724509174824
206,SacramentoKings,UtahJazz,747,380,215.332198474206,204.649575940403
207,HoustonRockets,UtahJazz,747,380,216.003626764145,216.491651186896
208,MilwaukeeBucks,UtahJazz,747,380,196.361318163868,199.176072769856
209,OrlandoMagic,UtahJazz,747,380,186.216000529327,204.988719495141
210,BostonCeltics,UtahJazz,747,380,212.881065161606,203.215103765809
211,DetroitPistons,CharlotteHornets,747,380,218.579051375355,204.336986666637
212,ClevelandCavaliers,CharlotteHornets,747,380,217.713484476668,210.848731941798
213,NewOrleansPelicans,CharlotteHornets,747,380,233.647748746493,208.029832168357
214,WashingtonWizards,CharlotteHornets,747,380,221.813134736805,210.593401060437
215,PhiladelphiaErs,CharlotteHornets,747,380,205.416281631732,205.63662509765
216,ChicagoBulls,CharlotteHornets,747,380,217.027729784659,199.67842395151
217,UtahJazz,CharlotteHornets,747,380,194.800559727392,200.188813005919
218,CharlotteHornets,CharlotteHornets,747,380,198.156677548648,208.819221556747
219,IndianaPacers,CharlotteHornets,747,380,201.163862072124,204.407683099716
220,DenverNuggets,CharlotteHornets,747,380,206.226100030345,210.341801800091
221,NewYorkKnicks,CharlotteHornets,747,380,220.392929747488,211.588874334524
222,SanAntonioSpurs,CharlotteHornets,747,380,206.398098418098,204.131138456449
223,DallasMavericks,CharlotteHornets,747,380,213.984056643868,203.175763458962
224,LosAngelesClippers,CharlotteHornets,747,380,218.334575622225,206.786324292753
225,MinnesotaTimberwolves,CharlotteHornets,747,380,214.872653072055,205.252784928884
226,MemphisGrizzlies,CharlotteHornets,747,380,209.834741838939,201.77422238554
227,AtlantaHawks,CharlotteHornets,747,380,190.932491450415,203.939432346985
228,BrooklynNets,CharlotteHornets,747,380,215.533470691449,208.332618866465
229,GoldenStateWarriors,CharlotteHornets,747,380,230.703469068669,211.887856544479
230,LosAngelesLakers,CharlotteHornets,747,380,203.462659307201,206.751106202656
231,PortlandTrailBlazers,CharlotteHornets,747,380,212.331552753645,203.121072139676
232,MiamiHeat,CharlotteHornets,747,380,209.357125371867,204.813360079335
233,OklahomaCityThunder,CharlotteHornets,747,380,214.121736018429,206.264032418228
234,TorontoRaptors,CharlotteHornets,747,380,198.825498384767,208.305047922628
235,PhoenixSuns,CharlotteHornets,747,380,223.8190791091,213.215135684248
236,SacramentoKings,CharlotteHornets,747,380,226.102127925335,203.14109401761
237,HoustonRockets,CharlotteHornets,747,380,222.745343216648,211.486087366077
238,MilwaukeeBucks,CharlotteHornets,747,380,197.981686122562,198.212714316074
239,OrlandoMagic,CharlotteHornets,747,380,225.89274254474,204.883265750564
240,BostonCeltics,CharlotteHornets,747,380,198.920519019821,196.794101648637
241,DetroitPistons,IndianaPacers,747,380,212.553745996712,208.575544792463
242,ClevelandCavaliers,IndianaPacers,747,380,225.335595066549,220.861978471965
243,NewOrleansPelicans,IndianaPacers,747,380,193.869315321656,214.564513134023
244,WashingtonWizards,IndianaPacers,747,380,222.031959257158,216.929858840697
245,PhiladelphiaErs,IndianaPacers,747,380,222.896202793757,216.1090518332
246,ChicagoBulls,IndianaPacers,747,380,201.902512522718,200.475795303067
247,UtahJazz,IndianaPacers,747,380,231.822825782278,204.850446733622
248,CharlotteHornets,IndianaPacers,747,380,211.53863245276,212.187278523699
249,IndianaPacers,IndianaPacers,747,380,198.58527700296,212.052305827377
250,DenverNuggets,IndianaPacers,747,380,259.811944660552,218.931363114272
251,NewYorkKnicks,IndianaPacers,747,380,199.588603516185,210.247094722532
252,SanAntonioSpurs,IndianaPacers,747,380,204.566519507685,208.451279873207
253,DallasMavericks,IndianaPacers,747,380,221.566519507686,208.259176975358
254,LosAngelesClippers,IndianaPacers,747,380,211.097147627147,211.788681436864
255,MinnesotaTimberwolves,IndianaPacers,747,380,217.486900343301,216.118118182896
256,MemphisGrizzlies,IndianaPacers,747,380,199.16361016641,205.362707294028
257,AtlantaHawks,IndianaPacers,747,380,195.989969219643,210.929358305296
258,BrooklynNets,IndianaPacers,747,380,217.096001099647,214.367395352786
259,GoldenStateWarriors,IndianaPacers,747,380,246.807329269153,220.488778346309
260,LosAngelesLakers,IndianaPacers,747,380,213.43130137416,213.472450291865
261,PortlandTrailBlazers,IndianaPacers,747,380,244.643637166526,212.277272254655
262,MiamiHeat,IndianaPacers,747,380,206.820779472481,212.207085812076
263,OklahomaCityThunder,IndianaPacers,747,380,216.309875638375,215.018647712963
264,TorontoRaptors,IndianaPacers,747,380,206.873737091568,216.232687357667
265,PhoenixSuns,IndianaPacers,747,380,203.822825782278,219.399998183942
266,SacramentoKings,IndianaPacers,747,380,211.625986503038,211.570266577531
267,HoustonRockets,IndianaPacers,747,380,223.303582595973,218.515700743772
268,MilwaukeeBucks,IndianaPacers,747,380,207.52590488828,203.892289146938
269,OrlandoMagic,IndianaPacers,747,380,208.650673254698,213.106563387369
270,BostonCeltics,IndianaPacers,747,380,206.904000950847,210.459652156428
271,DetroitPistons,DenverNuggets,747,380,198.961790588983,210.648076045421
272,ClevelandCavaliers,DenverNuggets,747,380,229.451274374045,217.318984494783
273,NewOrleansPelicans,DenverNuggets,747,380,226.994225597204,218.488469034251
274,WashingtonWizards,DenverNuggets,747,380,210.167860651018,218.412175587789
275,PhiladelphiaErs,DenverNuggets,747,380,216.035161574644,214.748037170808
276,ChicagoBulls,DenverNuggets,747,380,216.876449770204,208.959890485768
277,UtahJazz,DenverNuggets,747,380,195.217376681201,209.919656094589
278,CharlotteHornets,DenverNuggets,747,380,214.075582635903,214.136457684119
279,IndianaPacers,DenverNuggets,747,380,233.106239505303,216.869205264993
280,DenverNuggets,DenverNuggets,747,380,252.511923704581,219.667700709277
281,NewYorkKnicks,DenverNuggets,747,380,229.492382449926,217.524452890797
282,SanAntonioSpurs,DenverNuggets,747,380,215.19885367727,212.458107895965
283,DallasMavericks,DenverNuggets,747,380,209.770029968308,211.729697107365
284,LosAngelesClippers,DenverNuggets,747,380,203.873064999325,215.358997082182
285,MinnesotaTimberwolves,DenverNuggets,747,380,203.093762856268,214.970217626052
286,MemphisGrizzlies,DenverNuggets,747,380,208.560336608762,209.841237616618
287,AtlantaHawks,DenverNuggets,747,380,217.538462783962,214.152507593566
288,BrooklynNets,DenverNuggets,747,380,228.153231135681,220.228967333369
289,GoldenStateWarriors,DenverNuggets,747,380,237.4881121506,221.540070052333
290,LosAngelesLakers,DenverNuggets,747,380,239.712224948092,217.57408752132
291,PortlandTrailBlazers,DenverNuggets,747,380,223.499092894317,214.456363778995
292,MiamiHeat,DenverNuggets,747,380,240.380926256963,217.160288856033
293,OklahomaCityThunder,DenverNuggets,747,380,228.194672644982,216.760074466966
294,TorontoRaptors,DenverNuggets,747,380,217.09253223575,216.951309511022
295,PhoenixSuns,DenverNuggets,747,380,220.951986542435,220.678550551526
296,SacramentoKings,DenverNuggets,747,380,217.267864317409,212.68488841401
297,HoustonRockets,DenverNuggets,747,380,222.510380479816,220.594545230805
298,MilwaukeeBucks,DenverNuggets,747,380,193.391946283331,209.256479263255
299,OrlandoMagic,DenverNuggets,747,380,236.004533455182,214.448875353079
300,BostonCeltics,DenverNuggets,747,380,229.163245259622,213.215550519194
301,DetroitPistons,NewYorkKnicks,747,380,209.117894750389,207.20201013431
302,ClevelandCavaliers,NewYorkKnicks,747,380,204.785746645823,213.558139367577
303,NewOrleansPelicans,NewYorkKnicks,747,380,198.509148846579,209.779617675658
304,WashingtonWizards,NewYorkKnicks,747,380,222.738602582945,212.115225484645
305,PhiladelphiaErs,NewYorkKnicks,747,380,209.875372695025,209.033014676435
306,ChicagoBulls,NewYorkKnicks,747,380,218.079628099605,204.114115286515
307,UtahJazz,NewYorkKnicks,747,380,205.927050889551,204.49822848626
308,CharlotteHornets,NewYorkKnicks,747,380,200.924419697154,210.59743001332
309,IndianaPacers,NewYorkKnicks,747,380,217.658673416975,209.66540198799
310,DenverNuggets,NewYorkKnicks,747,380,228.504533455183,213.188917199591
311,NewYorkKnicks,NewYorkKnicks,747,380,256.439391997623,210.210796093001
312,SanAntonioSpurs,NewYorkKnicks,747,380,206.931666280949,207.483598375938
313,DallasMavericks,NewYorkKnicks,747,380,194.075246479052,207.17811307883
314,LosAngelesClippers,NewYorkKnicks,747,380,211.628870466978,209.490055812431
315,MinnesotaTimberwolves,NewYorkKnicks,747,380,210.531414901465,210.127708234497
316,MemphisGrizzlies,NewYorkKnicks,747,380,198.606239505304,204.104957778835
317,AtlantaHawks,NewYorkKnicks,747,380,232.559888870566,211.9871311759
318,BrooklynNets,NewYorkKnicks,747,380,215.071134899083,211.146886498242
319,GoldenStateWarriors,NewYorkKnicks,747,380,205.411554376426,212.449766386889
320,LosAngelesLakers,NewYorkKnicks,747,380,209.520029968307,210.436425677101
321,PortlandTrailBlazers,NewYorkKnicks,747,380,219.365064837047,206.478248896816
322,MiamiHeat,NewYorkKnicks,747,380,199.029651561459,206.955853925989
323,OklahomaCityThunder,NewYorkKnicks,747,380,202.349184427657,208.259270012331
324,TorontoRaptors,NewYorkKnicks,747,380,221.670993516183,212.531326185711
325,PhoenixSuns,NewYorkKnicks,747,380,230.551022994559,214.779088238617
326,SacramentoKings,NewYorkKnicks,747,380,206.895692956509,208.084991998548
327,HoustonRockets,NewYorkKnicks,747,380,237.349203417131,214.014433154955
328,MilwaukeeBucks,NewYorkKnicks,747,380,216.91706438961,204.143898682498
329,OrlandoMagic,NewYorkKnicks,747,380,206.576491773939,208.121070872899
330,BostonCeltics,NewYorkKnicks,747,380,210.178887905002,205.184982850448
331,DetroitPistons,SanAntonioSpurs,747,380,207.440028345528,202.11141646937
332,ClevelandCavaliers,SanAntonioSpurs,747,380,232.471021371779,210.081081962918
333,NewOrleansPelicans,SanAntonioSpurs,747,380,204.731288685492,206.742602499461
334,WashingtonWizards,SanAntonioSpurs,747,380,214.639021775127,208.041530830149
335,PhiladelphiaErs,SanAntonioSpurs,747,380,207.012895519759,206.799880712786
336,ChicagoBulls,SanAntonioSpurs,747,380,182.271385259777,194.784373441496
337,UtahJazz,SanAntonioSpurs,747,380,188.370939757021,195.836990432982
338,CharlotteHornets,SanAntonioSpurs,747,380,212.158994775012,206.772525503551
339,IndianaPacers,SanAntonioSpurs,747,380,202.569455810212,202.581471174733
340,DenverNuggets,SanAntonioSpurs,747,380,205.990061822738,208.414294260058
341,NewYorkKnicks,SanAntonioSpurs,747,380,187.977287102109,204.769186835846
342,SanAntonioSpurs,SanAntonioSpurs,747,380,225.752820032094,201.76619855272
343,DallasMavericks,SanAntonioSpurs,747,380,196.511204636564,198.719253632697
344,LosAngelesClippers,SanAntonioSpurs,747,380,205.009345827449,203.502610042368
345,MinnesotaTimberwolves,SanAntonioSpurs,747,380,202.70029565924,204.786088178509
346,MemphisGrizzlies,SanAntonioSpurs,747,380,198.213181225945,199.646387415005
347,AtlantaHawks,SanAntonioSpurs,747,380,210.524280452913,205.394028497041
348,BrooklynNets,SanAntonioSpurs,747,380,197.73446209492,205.872045530125
349,GoldenStateWarriors,SanAntonioSpurs,747,380,224.457362395541,208.56672695644
350,LosAngelesLakers,SanAntonioSpurs,747,380,224.924995099567,207.001819277389
351,PortlandTrailBlazers,SanAntonioSpurs,747,380,209.138220893602,202.46022408851
352,MiamiHeat,SanAntonioSpurs,747,380,218.899468944754,204.751414125484
353,OklahomaCityThunder,SanAntonioSpurs,747,380,207.994659956315,204.925651832898
354,TorontoRaptors,SanAntonioSpurs,747,380,209.214350190397,206.841938728659
355,PhoenixSuns,SanAntonioSpurs,747,380,218.001218136622,211.830143176693
356,SacramentoKings,SanAntonioSpurs,747,380,208.840406993445,204.235416864434
357,HoustonRockets,SanAntonioSpurs,747,380,201.347330080542,210.132311062603
358,MilwaukeeBucks,SanAntonioSpurs,747,380,214.086266505419,199.401440181702
359,OrlandoMagic,SanAntonioSpurs,747,380,197.440727406172,204.114026636279
360,BostonCeltics,SanAntonioSpurs,747,380,204.268308332182,202.706582615772
361,DetroitPistons,DallasMavericks,747,380,192.718826677155,204.05096933299
362,ClevelandCavaliers,DallasMavericks,747,380,213.721484638946,212.054863915599
363,NewOrleansPelicans,DallasMavericks,747,380,223.998910440922,210.231853286347
364,WashingtonWizards,DallasMavericks,747,380,221.10633239096,210.159207558316
365,PhiladelphiaErs,DallasMavericks,747,380,190.344952932523,207.109580382549
366,ChicagoBulls,DallasMavericks,747,380,184.765455121171,198.959613472641
367,UtahJazz,DallasMavericks,747,380,196.07086875968,196.688540930015
368,CharlotteHornets,DallasMavericks,747,380,199.659498586442,208.387276194863
369,IndianaPacers,DallasMavericks,747,380,227.468560130741,205.745452561571
370,DenverNuggets,DallasMavericks,747,380,214.462407401488,210.436960917291
371,NewYorkKnicks,DallasMavericks,747,380,193.313594999481,206.626231366195
372,SanAntonioSpurs,DallasMavericks,747,380,196.711790588982,203.081331932315
373,DallasMavericks,DallasMavericks,747,380,220.333360535851,201.170811597075
374,LosAngelesClippers,DallasMavericks,747,380,202.566435132642,206.476149726172
375,MinnesotaTimberwolves,DallasMavericks,747,380,190.694099550769,206.327495323858
376,MemphisGrizzlies,DallasMavericks,747,380,204.188320212369,198.671980614694
377,AtlantaHawks,DallasMavericks,747,380,207.431666280949,206.68617153468
378,BrooklynNets,DallasMavericks,747,380,231.756589245165,208.951238970783
379,GoldenStateWarriors,DallasMavericks,747,380,231.3361970531,211.417294642394
380,LosAngelesLakers,DallasMavericks,747,380,200.918937726198,207.91950040756
381,PortlandTrailBlazers,DallasMavericks,747,380,216.696728434966,204.69774301826
382,MiamiHeat,DallasMavericks,747,380,197.451413278684,203.899883400732
383,OklahomaCityThunder,DallasMavericks,747,380,207.622173984935,207.144268833699
384,TorontoRaptors,DallasMavericks,747,380,195.865064837048,207.440760429506
385,PhoenixSuns,DallasMavericks,747,380,226.097232732887,214.949028613798
386,SacramentoKings,DallasMavericks,747,380,219.21691553787,204.861655665743
387,HoustonRockets,DallasMavericks,747,380,207.370495655901,210.705991110522
388,MilwaukeeBucks,DallasMavericks,747,380,207.807694175941,201.56922532285
389,OrlandoMagic,DallasMavericks,747,380,204.701372734421,206.173549310119
390,BostonCeltics,DallasMavericks,747,380,198.561035398069,204.037610733778
391,DetroitPistons,LosAngelesClippers,747,380,214.050658087771,211.274492790788
392,ClevelandCavaliers,LosAngelesClippers,747,380,218.884811834783,218.552281516698
393,NewOrleansPelicans,LosAngelesClippers,747,380,209.549741035306,216.497480374038
394,WashingtonWizards,LosAngelesClippers,747,380,219.993287426663,218.515589750647
395,PhiladelphiaErs,LosAngelesClippers,747,380,216.285063214267,215.409885014985
396,ChicagoBulls,LosAngelesClippers,747,380,183.690491612692,205.508929133706
397,UtahJazz,LosAngelesClippers,747,380,204.344898564543,208.06995431602
398,CharlotteHornets,LosAngelesClippers,747,380,230.12598650304,215.160598425431
399,IndianaPacers,LosAngelesClippers,747,380,177.369315321656,213.68499688067
400,DenverNuggets,LosAngelesClippers,747,380,228.306593961213,220.503543637334
401,NewYorkKnicks,LosAngelesClippers,747,380,224.816056240519,215.078910557743
402,SanAntonioSpurs,LosAngelesClippers,747,380,212.253014081576,213.721195801272
403,DallasMavericks,LosAngelesClippers,747,380,217.602701189086,210.161223816425
404,LosAngelesClippers,LosAngelesClippers,747,380,206.615308843569,213.921798819481
405,MinnesotaTimberwolves,LosAngelesClippers,747,380,210.182491450415,216.24442040835
406,MemphisGrizzlies,LosAngelesClippers,747,380,209.717000654832,209.484889379775
407,AtlantaHawks,LosAngelesClippers,747,380,199.986517884904,214.533580173951
408,BrooklynNets,LosAngelesClippers,747,380,234.519665061518,217.710094538208
409,GoldenStateWarriors,LosAngelesClippers,747,380,233.504533455182,223.64765020223
410,LosAngelesLakers,LosAngelesClippers,747,380,217.283638911155,215.796309373959
411,PortlandTrailBlazers,LosAngelesClippers,747,380,206.676764601477,213.804210869986
412,MiamiHeat,LosAngelesClippers,747,380,202.88892341475,213.904185458986
413,OklahomaCityThunder,LosAngelesClippers,747,380,227.803626764145,221.019479651025
414,TorontoRaptors,LosAngelesClippers,747,380,222.316056240519,217.99237977636
415,PhoenixSuns,LosAngelesClippers,747,380,235.735652171176,222.785404609869
416,SacramentoKings,LosAngelesClippers,747,380,226.868267154532,213.627666563828
417,HoustonRockets,LosAngelesClippers,747,380,236.385045334286,221.274046559068
418,MilwaukeeBucks,LosAngelesClippers,747,380,214.721484638944,208.00779810073
419,OrlandoMagic,LosAngelesClippers,747,380,216.950909467255,212.6796442343
420,BostonCeltics,LosAngelesClippers,747,380,246.568112030505,212.681271700283
421,DetroitPistons,MinnesotaTimberwolves,747,380,221.675599554127,214.411004938118
422,ClevelandCavaliers,MinnesotaTimberwolves,747,380,227.378042293024,220.765585360473
423,NewOrleansPelicans,MinnesotaTimberwolves,747,380,221.216023974645,217.635805619381
424,WashingtonWizards,MinnesotaTimberwolves,747,380,244.447162794075,221.093860949828
425,PhiladelphiaErs,MinnesotaTimberwolves,747,380,202.652867949323,216.421841420247
426,ChicagoBulls,MinnesotaTimberwolves,747,380,201.829091512606,208.73037095969
427,UtahJazz,MinnesotaTimberwolves,747,380,203.751331137696,211.079820541161
428,CharlotteHornets,MinnesotaTimberwolves,747,380,234.236981152072,217.020300208125
429,IndianaPacers,MinnesotaTimberwolves,747,380,225.720980827514,218.960113502937
430,DenverNuggets,MinnesotaTimberwolves,747,380,209.789525060329,222.069375152234
431,NewYorkKnicks,MinnesotaTimberwolves,747,380,227.911189469636,217.87972957043
432,SanAntonioSpurs,MinnesotaTimberwolves,747,380,210.300183591405,213.535465787381
433,DallasMavericks,MinnesotaTimberwolves,747,380,211.408784279387,212.777831706855
434,LosAngelesClippers,MinnesotaTimberwolves,747,380,214.421613070256,218.160931629482
435,MinnesotaTimberwolves,MinnesotaTimberwolves,747,380,217.030384738717,217.685238908151
436,MemphisGrizzlies,MinnesotaTimberwolves,747,380,206.435876221295,211.210022987866
437,AtlantaHawks,MinnesotaTimberwolves,747,380,207.674126381348,215.543687401487
438,BrooklynNets,MinnesotaTimberwolves,747,380,214.705119407599,220.962720286676
439,GoldenStateWarriors,MinnesotaTimberwolves,747,380,231.331107165338,226.128789634694
440,LosAngelesLakers,MinnesotaTimberwolves,747,380,236.921358422974,219.940164491065
441,PortlandTrailBlazers,MinnesotaTimberwolves,747,380,208.253638833395,215.447949774682
442,MiamiHeat,MinnesotaTimberwolves,747,380,227.353940726689,221.51333423594
443,OklahomaCityThunder,MinnesotaTimberwolves,747,380,214.416079536502,220.777080072826
444,TorontoRaptors,MinnesotaTimberwolves,747,380,232.845456743954,219.842145715976
445,PhoenixSuns,MinnesotaTimberwolves,747,380,215.968135326486,225.048555321438
446,SacramentoKings,MinnesotaTimberwolves,747,380,204.634198026768,214.502151653077
447,HoustonRockets,MinnesotaTimberwolves,747,380,242.726030578023,224.383354034599
448,MilwaukeeBucks,MinnesotaTimberwolves,747,380,211.876814676994,210.37158994894
449,OrlandoMagic,MinnesotaTimberwolves,747,380,225.66951098995,216.159692933967
450,BostonCeltics,MinnesotaTimberwolves,747,380,222.349568323924,215.518932106543
451,DetroitPistons,MemphisGrizzlies,747,380,191.725231312125,203.032036742078
452,ClevelandCavaliers,MemphisGrizzlies,747,380,205.082016020812,209.835256229199
453,NewOrleansPelicans,MemphisGrizzlies,747,380,210.609441822788,204.764353472265
454,WashingtonWizards,MemphisGrizzlies,747,380,204.590378085388,206.959288381189
455,PhiladelphiaErs,MemphisGrizzlies,747,380,205.941678684458,206.426625772492
456,ChicagoBulls,MemphisGrizzlies,747,380,191.92705088955,197.416433003925
457,UtahJazz,MemphisGrizzlies,747,380,192.779469108065,197.45395770972
458,CharlotteHornets,MemphisGrizzlies,747,380,199.926685982763,207.428053058186
459,IndianaPacers,MemphisGrizzlies,747,380,211.449316944436,204.091036458311
460,DenverNuggets,MemphisGrizzlies,747,380,211.290141872833,207.618791013856
461,NewYorkKnicks,MemphisGrizzlies,747,380,202.647748746494,206.257050748739
462,SanAntonioSpurs,MemphisGrizzlies,747,380,191.922645402529,201.369017805587
463,DallasMavericks,MemphisGrizzlies,747,380,190.133797474404,200.507924650742
464,LosAngelesClippers,MemphisGrizzlies,747,380,212.61587801193,206.162782766268
465,MinnesotaTimberwolves,MemphisGrizzlies,747,380,214.351259207116,205.868332377525
466,MemphisGrizzlies,MemphisGrizzlies,747,380,211.950389124916,200.33322624112
467,AtlantaHawks,MemphisGrizzlies,747,380,190.675360006356,204.648868128619
468,BrooklynNets,MemphisGrizzlies,747,380,212.444139925495,206.226071864431
469,GoldenStateWarriors,MemphisGrizzlies,747,380,221.795582433696,208.603021740309
470,LosAngelesLakers,MemphisGrizzlies,747,380,214.517193777927,207.171958414544
471,PortlandTrailBlazers,MemphisGrizzlies,747,380,204.953370725127,202.12113730597
472,MiamiHeat,MemphisGrizzlies,747,380,214.550658087769,203.936526240817
473,OklahomaCityThunder,MemphisGrizzlies,747,380,212.013241165733,205.597244794397
474,TorontoRaptors,MemphisGrizzlies,747,380,210.515918388339,206.824934547671
475,PhoenixSuns,MemphisGrizzlies,747,380,215.364626587979,210.833774831407
476,SacramentoKings,MemphisGrizzlies,747,380,199.960188565815,202.09005487312
477,HoustonRockets,MemphisGrizzlies,747,380,211.913838202417,209.194204965082
478,MilwaukeeBucks,MemphisGrizzlies,747,380,198.3914424719,200.623485015458
479,OrlandoMagic,MemphisGrizzlies,747,380,225.478155820328,205.974585333568
480,BostonCeltics,MemphisGrizzlies,747,380,219.850072135354,202.08827522874
481,DetroitPistons,AtlantaHawks,747,380,221.203735631919,210.17424179233
482,ClevelandCavaliers,AtlantaHawks,747,380,219.053014081577,216.650458950375
483,NewOrleansPelicans,AtlantaHawks,747,380,222.004168548391,210.46582968143
484,WashingtonWizards,AtlantaHawks,747,380,210.610401979628,211.101261516391
485,PhiladelphiaErs,AtlantaHawks,747,380,210.893752063483,212.408710232019
486,ChicagoBulls,AtlantaHawks,747,380,209.072594393741,202.721864300471
487,UtahJazz,AtlantaHawks,747,380,175.34545674395,202.246070252354
488,CharlotteHornets,AtlantaHawks,747,380,199.232627671123,210.346109096487
489,IndianaPacers,AtlantaHawks,747,380,194.603749356208,207.543774485611
490,DenverNuggets,AtlantaHawks,747,380,226.981902493508,212.197771095695
491,NewYorkKnicks,AtlantaHawks,747,380,215.887944699948,209.997067860706
492,SanAntonioSpurs,AtlantaHawks,747,380,207.236981152071,207.704920081036
493,DallasMavericks,AtlantaHawks,747,380,204.910135827792,207.566446421034
494,LosAngelesClippers,AtlantaHawks,747,380,198.637232531555,207.893368622296
495,MinnesotaTimberwolves,AtlantaHawks,747,380,201.364699930259,209.877262148594
496,MemphisGrizzlies,AtlantaHawks,747,380,213.28347069145,204.794266528327
497,AtlantaHawks,AtlantaHawks,747,380,192.00844157289,209.748925438923
498,BrooklynNets,AtlantaHawks,747,380,200.400407115297,209.275185646052
499,GoldenStateWarriors,AtlantaHawks,747,380,215.907442796457,212.864115679384
500,LosAngelesLakers,AtlantaHawks,747,380,199.376449770205,210.349476254301
501,PortlandTrailBlazers,AtlantaHawks,747,380,213.269566701141,207.239897542989
502,MiamiHeat,AtlantaHawks,747,380,199.961589233947,206.788685587134
503,OklahomaCityThunder,AtlantaHawks,747,380,216.740727825248,210.47106462161
504,TorontoRaptors,AtlantaHawks,747,380,220.934799146114,212.744844320912
505,PhoenixSuns,AtlantaHawks,747,380,211.369315321656,215.174116850985
506,SacramentoKings,AtlantaHawks,747,380,202.800559727392,207.955480580522
507,HoustonRockets,AtlantaHawks,747,380,234.780951634298,213.353489184639
508,MilwaukeeBucks,AtlantaHawks,747,380,215.141633695487,205.118477609769
509,OrlandoMagic,AtlantaHawks,747,380,202.877246031612,207.738057986753
510,BostonCeltics,AtlantaHawks,747,380,211.920188473361,206.742672776984
511,DetroitPistons,BrooklynNets,747,380,202.281978517974,209.001009228239
512,ClevelandCavaliers,BrooklynNets,747,380,213.696728434967,215.347372114743
513,NewOrleansPelicans,BrooklynNets,747,380,238.486517884904,214.995571304375
514,WashingtonWizards,BrooklynNets,747,380,228.829541525135,216.119074752454
515,PhiladelphiaErs,BrooklynNets,747,380,220.134924835857,216.394996709774
516,ChicagoBulls,BrooklynNets,747,380,208.563134736804,206.051084842467
517,UtahJazz,BrooklynNets,747,380,211.072841582589,211.326119812404
518,CharlotteHornets,BrooklynNets,747,380,224.410294847851,213.368983094937
519,IndianaPacers,BrooklynNets,747,380,235.442720114062,218.152367725562
520,DenverNuggets,BrooklynNets,747,380,235.124496626345,217.425304122335
521,NewYorkKnicks,BrooklynNets,747,380,210.020376423337,212.714963896389
522,SanAntonioSpurs,BrooklynNets,747,380,211.999553156992,212.127477442721
523,DallasMavericks,BrooklynNets,747,380,190.838687202194,211.285053429831
524,LosAngelesClippers,BrooklynNets,747,380,217.62389016879,215.832032694408
525,MinnesotaTimberwolves,BrooklynNets,747,380,249.416169767824,213.231489400004
526,MemphisGrizzlies,BrooklynNets,747,380,218.263358786925,210.129877210243
527,AtlantaHawks,BrooklynNets,747,380,206.481288685492,213.026327877437
528,BrooklynNets,BrooklynNets,747,380,214.873254227899,215.847377023964
529,GoldenStateWarriors,BrooklynNets,747,380,213.185876221295,218.270027860044
530,LosAngelesLakers,BrooklynNets,747,380,233.488243840448,217.724808131723
531,PortlandTrailBlazers,BrooklynNets,747,380,223.447498950925,210.077016585156
532,MiamiHeat,BrooklynNets,747,380,214.858499762289,215.280202013446
533,OklahomaCityThunder,BrooklynNets,747,380,226.921566779933,214.65041614071
534,TorontoRaptors,BrooklynNets,747,380,226.119497775051,216.377654567598
535,PhoenixSuns,BrooklynNets,747,380,217.206565550869,214.434496034196
536,SacramentoKings,BrooklynNets,747,380,221.139386681917,210.21900598013
537,HoustonRockets,BrooklynNets,747,380,229.782601973229,217.627884342714
538,MilwaukeeBucks,BrooklynNets,747,380,211.651451132342,207.925066934527
539,OrlandoMagic,BrooklynNets,747,380,231.349685473451,217.107322001682
540,BostonCeltics,BrooklynNets,747,380,224.316085148578,210.993880775676
541,DetroitPistons,GoldenStateWarriors,747,380,226.621371111642,213.009320467684
542,ClevelandCavaliers,GoldenStateWarriors,747,380,230.075385383693,218.227260373113
543,NewOrleansPelicans,GoldenStateWarriors,747,380,245.65130173708,220.395026418821
544,WashingtonWizards,GoldenStateWarriors,747,380,242.916169767823,219.981340751585
545,PhiladelphiaErs,GoldenStateWarriors,747,380,225.493652333454,217.49513351287
546,ChicagoBulls,GoldenStateWarriors,747,380,205.602127925334,208.731478767498
547,UtahJazz,GoldenStateWarriors,747,380,211.653315687517,211.483221103177
548,CharlotteHornets,GoldenStateWarriors,747,380,222.307329269153,215.99316912597
549,IndianaPacers,GoldenStateWarriors,747,380,236.189622894473,217.717625318713
550,DenverNuggets,GoldenStateWarriors,747,380,235.237617128941,223.302306941828
551,NewYorkKnicks,GoldenStateWarriors,747,380,219.385176741572,217.079626893203
552,SanAntonioSpurs,GoldenStateWarriors,747,380,193.135935556394,211.957216230779
553,DallasMavericks,GoldenStateWarriors,747,380,225.271414151,215.370128957478
554,LosAngelesClippers,GoldenStateWarriors,747,380,242.997282196178,223.027961640788
555,MinnesotaTimberwolves,GoldenStateWarriors,747,380,227.955736220104,215.815431948911
556,MemphisGrizzlies,GoldenStateWarriors,747,380,209.737142300234,211.916150054901
557,AtlantaHawks,GoldenStateWarriors,747,380,217.12475888701,217.110275914913
558,BrooklynNets,GoldenStateWarriors,747,380,222.256224338376,220.62442999585
559,GoldenStateWarriors,GoldenStateWarriors,747,380,241.023760110577,222.482264527445
560,LosAngelesLakers,GoldenStateWarriors,747,380,209.955805672424,218.301891639711
561,PortlandTrailBlazers,GoldenStateWarriors,747,380,237.339918835433,216.935811412203
562,MiamiHeat,GoldenStateWarriors,747,380,224.148617464713,218.098478541554
563,OklahomaCityThunder,GoldenStateWarriors,747,380,233.818874642098,218.183518952898
564,TorontoRaptors,GoldenStateWarriors,747,380,242.313594999482,219.867000954343
565,PhoenixSuns,GoldenStateWarriors,747,380,232.475413765519,221.710451520335
566,SacramentoKings,GoldenStateWarriors,747,380,226.510839729774,214.706528398368
567,HoustonRockets,GoldenStateWarriors,747,380,221.028216327046,221.091101498947
568,MilwaukeeBucks,GoldenStateWarriors,747,380,231.658629868221,211.227489418566
569,OrlandoMagic,GoldenStateWarriors,747,380,235.648617464714,217.107672656673
570,BostonCeltics,GoldenStateWarriors,747,380,225.189622894476,215.09214337648
571,DetroitPistons,LosAngelesLakers,747,380,219.028392032886,204.778180388082
572,ClevelandCavaliers,LosAngelesLakers,747,380,235.326937362247,215.489415319771
573,NewOrleansPelicans,LosAngelesLakers,747,380,212.632686592477,212.529363907618
574,WashingtonWizards,LosAngelesLakers,747,380,218.486564469014,213.02360814954
575,PhiladelphiaErs,LosAngelesLakers,747,380,198.926685982762,210.196869383808
576,ChicagoBulls,LosAngelesLakers,747,380,220.015918388338,200.263657186043
577,UtahJazz,LosAngelesLakers,747,380,192.118546484483,200.570008901695
578,CharlotteHornets,LosAngelesLakers,747,380,224.962294400413,210.542188194237
579,IndianaPacers,LosAngelesLakers,747,380,206.554769667737,209.27382802494
580,DenverNuggets,LosAngelesLakers,747,380,230.475190756638,217.314996484445
581,NewYorkKnicks,LosAngelesLakers,747,380,217.977287102108,210.304867807607
582,SanAntonioSpurs,LosAngelesLakers,747,380,213.090560538783,205.074616227331
583,DallasMavericks,LosAngelesLakers,747,380,205.502883127474,205.890025624826
584,LosAngelesClippers,LosAngelesLakers,747,380,205.267589194488,209.748390200769
585,MinnesotaTimberwolves,LosAngelesLakers,747,380,236.375834094867,211.665611822113
586,MemphisGrizzlies,LosAngelesLakers,747,380,226.798285684313,203.559425231037
587,AtlantaHawks,LosAngelesLakers,747,380,221.046042696371,208.978245116122
588,BrooklynNets,LosAngelesLakers,747,380,210.829091512608,213.867298949049
589,GoldenStateWarriors,LosAngelesLakers,747,380,221.459665346678,219.239581580793
590,LosAngelesLakers,LosAngelesLakers,747,380,228.414050893686,211.255877319206
591,PortlandTrailBlazers,LosAngelesLakers,747,380,221.540688650637,211.031200030277
592,MiamiHeat,LosAngelesLakers,747,380,213.143133355095,208.717318700047
593,OklahomaCityThunder,LosAngelesLakers,747,380,205.948239869256,212.921593766768
594,TorontoRaptors,LosAngelesLakers,747,380,201.55065808777,212.636395706954
595,PhoenixSuns,LosAngelesLakers,747,380,240.473456053887,221.216612489845
596,SacramentoKings,LosAngelesLakers,747,380,227.439874800188,208.882225518229
597,HoustonRockets,LosAngelesLakers,747,380,238.576575459947,218.674319331668
598,MilwaukeeBucks,LosAngelesLakers,747,380,214.610779845215,199.00914011191
599,OrlandoMagic,LosAngelesLakers,747,380,207.112140328844,207.687410465533
600,BostonCeltics,LosAngelesLakers,747,380,217.207963107036,207.698318744208
601,DetroitPistons,PortlandTrailBlazers,747,380,234.51628329513,211.581169726609
602,ClevelandCavaliers,PortlandTrailBlazers,747,380,241.158629868223,215.277440723271
603,NewOrleansPelicans,PortlandTrailBlazers,747,380,212.058519345407,211.788948225888
604,WashingtonWizards,PortlandTrailBlazers,747,380,219.73446209492,214.413624026596
605,PhiladelphiaErs,PortlandTrailBlazers,747,380,200.203469068669,211.860662132814
606,ChicagoBulls,PortlandTrailBlazers,747,380,216.345456743952,208.06372435957
607,UtahJazz,PortlandTrailBlazers,747,380,207.388375774224,209.389525887205
608,CharlotteHornets,PortlandTrailBlazers,747,380,203.163245259621,212.140272054836
609,IndianaPacers,PortlandTrailBlazers,747,380,221.739264978063,212.011087957661
610,DenverNuggets,PortlandTrailBlazers,747,380,235.213119569879,215.380781372905
611,NewYorkKnicks,PortlandTrailBlazers,747,380,205.984421550657,212.809771832836
612,SanAntonioSpurs,PortlandTrailBlazers,747,380,211.27777822487,212.252037605316
613,DallasMavericks,PortlandTrailBlazers,747,380,231.619265277044,211.506583033038
614,LosAngelesClippers,PortlandTrailBlazers,747,380,208.051662371569,212.698444764072
615,MinnesotaTimberwolves,PortlandTrailBlazers,747,380,212.215609718971,213.211304497671
616,MemphisGrizzlies,PortlandTrailBlazers,747,380,204.145441050795,209.135869112799
617,AtlantaHawks,PortlandTrailBlazers,747,380,212.303078784545,213.021344906697
618,BrooklynNets,PortlandTrailBlazers,747,380,236.132252233368,214.290745863415
619,GoldenStateWarriors,PortlandTrailBlazers,747,380,233.27288891415,216.17267603919
620,LosAngelesLakers,PortlandTrailBlazers,747,380,196.337586987463,210.40871317899
621,PortlandTrailBlazers,PortlandTrailBlazers,747,380,233.564203912796,210.739975547146
622,MiamiHeat,PortlandTrailBlazers,747,380,227.803078784543,212.337124300544
623,OklahomaCityThunder,PortlandTrailBlazers,747,380,222.85187601962,214.665438913099
624,TorontoRaptors,PortlandTrailBlazers,747,380,230.078269347633,214.605509584554
625,PhoenixSuns,PortlandTrailBlazers,747,380,215.604342461574,216.180850797109
626,SacramentoKings,PortlandTrailBlazers,747,380,227.209754059812,209.967920175334
627,HoustonRockets,PortlandTrailBlazers,747,380,215.123114042441,215.656915209372
628,MilwaukeeBucks,PortlandTrailBlazers,747,380,212.87606587394,209.381485078144
629,OrlandoMagic,PortlandTrailBlazers,747,380,211.705988125819,212.344007372808
630,BostonCeltics,PortlandTrailBlazers,747,380,235.071134899086,210.385002722214
631,DetroitPistons,MiamiHeat,747,380,196.184547240401,197.687678210678
632,ClevelandCavaliers,MiamiHeat,747,380,204.768412427393,209.093813754301
633,NewOrleansPelicans,MiamiHeat,747,380,200.694603192661,204.466713658564
634,WashingtonWizards,MiamiHeat,747,380,205.931231921839,207.910889184278
635,PhiladelphiaErs,MiamiHeat,747,380,216.900943566624,204.291972929848
636,ChicagoBulls,MiamiHeat,747,380,201.011022183168,192.079613928328
637,UtahJazz,MiamiHeat,747,380,191.401175345697,188.060832998205
638,CharlotteHornets,MiamiHeat,747,380,190.882942989365,204.254790030721
639,IndianaPacers,MiamiHeat,747,380,193.055889154505,199.560457937751
640,DenverNuggets,MiamiHeat,747,380,200.088504029867,205.880107675782
641,NewYorkKnicks,MiamiHeat,747,380,188.932496194978,201.58739959485
642,SanAntonioSpurs,MiamiHeat,747,380,198.267470366893,197.227176629739
643,DallasMavericks,MiamiHeat,747,380,189.43166628095,194.799557206682
644,LosAngelesClippers,MiamiHeat,747,380,198.696261571626,199.764388469497
645,MinnesotaTimberwolves,MiamiHeat,747,380,211.023776641486,204.968744345608
646,MemphisGrizzlies,MiamiHeat,747,380,187.334210715436,193.831863158716
647,AtlantaHawks,MiamiHeat,747,380,208.845456743953,202.284381117421
648,BrooklynNets,MiamiHeat,747,380,212.156727623575,205.119750700414
649,GoldenStateWarriors,MiamiHeat,747,380,202.01926389621,205.510799379017
650,LosAngelesLakers,MiamiHeat,747,380,219.869680228445,206.690612365412
651,PortlandTrailBlazers,MiamiHeat,747,380,202.834071810795,201.702173071552
652,MiamiHeat,MiamiHeat,747,380,216.79860440501,200.092153490954
653,OklahomaCityThunder,MiamiHeat,747,380,184.802713877754,204.549560808757
654,TorontoRaptors,MiamiHeat,747,380,198.553078784544,204.357329032079
655,PhoenixSuns,MiamiHeat,747,380,213.768578632882,215.254244387965
656,SacramentoKings,MiamiHeat,747,380,218.869680228445,203.077634702226
657,HoustonRockets,MiamiHeat,747,380,227.03711900425,210.847118549719
658,MilwaukeeBucks,MiamiHeat,747,380,218.147106030422,196.036043204497
659,OrlandoMagic,MiamiHeat,747,380,218.676566919735,204.157708067199
660,BostonCeltics,MiamiHeat,747,380,211.757275509993,202.663150493711
661,DetroitPistons,OklahomaCityThunder,747,380,187.174491288139,203.521483060076
662,ClevelandCavaliers,OklahomaCityThunder,747,380,207.51289551976,211.87140216182
663,NewOrleansPelicans,OklahomaCityThunder,747,380,235.859955405907,210.039235867222
664,WashingtonWizards,OklahomaCityThunder,747,380,228.837818483974,210.703009655499
665,PhiladelphiaErs,OklahomaCityThunder,747,380,210.639386681917,206.773199936255
666,ChicagoBulls,OklahomaCityThunder,747,380,196.793417803935,196.262811389635
667,UtahJazz,OklahomaCityThunder,747,380,197.242171102203,198.552017365775
668,CharlotteHornets,OklahomaCityThunder,747,380,223.668364462449,209.786529099315
669,IndianaPacers,OklahomaCityThunder,747,380,209.559749965925,205.461873930662
670,DenverNuggets,OklahomaCityThunder,747,380,226.001120472015,210.335012657322
671,NewYorkKnicks,OklahomaCityThunder,747,380,239.35381880853,208.7071503034
672,SanAntonioSpurs,OklahomaCityThunder,747,380,204.735498609002,205.313893190253
673,DallasMavericks,OklahomaCityThunder,747,380,217.167928216373,201.530653961361
674,LosAngelesClippers,OklahomaCityThunder,747,380,203.215609718971,206.872233856514
675,MinnesotaTimberwolves,OklahomaCityThunder,747,380,216.798266692594,210.332234252066
676,MemphisGrizzlies,OklahomaCityThunder,747,380,218.091637613964,201.997477896571
677,AtlantaHawks,OklahomaCityThunder,747,380,211.112644140274,207.39463927192
678,BrooklynNets,OklahomaCityThunder,747,380,229.35418371532,211.040642308362
679,GoldenStateWarriors,OklahomaCityThunder,747,380,228.828448796537,214.215453794564
680,LosAngelesLakers,OklahomaCityThunder,747,380,226.353473162555,209.896964539165
681,PortlandTrailBlazers,OklahomaCityThunder,747,380,223.399475840026,206.895007038318
682,MiamiHeat,OklahomaCityThunder,747,380,203.24123163668,206.568873161828
683,OklahomaCityThunder,OklahomaCityThunder,747,380,235.844930392632,210.049859368287
684,TorontoRaptors,OklahomaCityThunder,747,380,226.427415796341,211.449262156572
685,PhoenixSuns,OklahomaCityThunder,747,380,229.289252142502,214.127698622893
686,SacramentoKings,OklahomaCityThunder,747,380,226.661260367958,202.563137464017
687,HoustonRockets,OklahomaCityThunder,747,380,228.61780165013,213.494968420525
688,MilwaukeeBucks,OklahomaCityThunder,747,380,201.659693835656,199.860312558575
689,OrlandoMagic,OklahomaCityThunder,747,380,253.922435498156,207.139212318286
690,BostonCeltics,OklahomaCityThunder,747,380,239.78758227142,206.230197794232
691,DetroitPistons,TorontoRaptors,747,380,198.821065446765,201.811117807288
692,ClevelandCavaliers,TorontoRaptors,747,380,218.962929619128,209.703207785065
693,NewOrleansPelicans,TorontoRaptors,747,380,198.0823809276,206.365917288267
694,WashingtonWizards,TorontoRaptors,747,380,203.705805672424,209.972742730732
695,PhiladelphiaErs,TorontoRaptors,747,380,218.29727331689,206.21380386577
696,ChicagoBulls,TorontoRaptors,747,380,221.792267115135,198.287032980422
697,UtahJazz,TorontoRaptors,747,380,202.762088903397,197.580201648999
698,CharlotteHornets,TorontoRaptors,747,380,213.962686347935,207.367228248251
699,IndianaPacers,TorontoRaptors,747,380,196.490370656289,202.723664809244
700,DenverNuggets,TorontoRaptors,747,380,227.713510787244,215.315136389365
701,NewYorkKnicks,TorontoRaptors,747,380,201.801639807064,205.309685214977
702,SanAntonioSpurs,TorontoRaptors,747,380,199.453073660643,201.837959096112
703,DallasMavericks,TorontoRaptors,747,380,192.922435498153,199.074016849586
704,LosAngelesClippers,TorontoRaptors,747,380,212.421566779933,203.901269641199
705,MinnesotaTimberwolves,TorontoRaptors,747,380,230.521622491125,206.706624869328
706,MemphisGrizzlies,TorontoRaptors,747,380,202.0442534528,199.666915669538
707,AtlantaHawks,TorontoRaptors,747,380,195.684887859249,205.711557662906
708,BrooklynNets,TorontoRaptors,747,380,203.054378857382,207.668371069292
709,GoldenStateWarriors,TorontoRaptors,747,380,233.824410830188,214.649800033662
710,LosAngelesLakers,TorontoRaptors,747,380,212.731431751431,206.425141203433
711,PortlandTrailBlazers,TorontoRaptors,747,380,198.665268545375,201.833090429781
712,MiamiHeat,TorontoRaptors,747,380,194.166994937289,202.264297753448
713,OklahomaCityThunder,TorontoRaptors,747,380,215.886462173713,206.74775316104
714,TorontoRaptors,TorontoRaptors,747,380,224.611245432473,207.999467624138
715,PhoenixSuns,TorontoRaptors,747,380,201.780951634299,214.218969801594
716,SacramentoKings,TorontoRaptors,747,380,212.545538884941,205.27140739834
717,HoustonRockets,TorontoRaptors,747,380,225.097008722507,213.659201849943
718,MilwaukeeBucks,TorontoRaptors,747,380,192.563639956972,196.102287676691
719,OrlandoMagic,TorontoRaptors,747,380,199.89230818563,204.31404852674
720,BostonCeltics,TorontoRaptors,747,380,205.045148074587,202.241911499564
721,DetroitPistons,PhoenixSuns,747,380,234.082016020813,210.639640311078
722,ClevelandCavaliers,PhoenixSuns,747,380,220.54850393741,217.722780306083
723,NewOrleansPelicans,PhoenixSuns,747,380,231.217665508955,216.871747293262
724,WashingtonWizards,PhoenixSuns,747,380,225.281380394242,221.698341414101
725,PhiladelphiaErs,PhoenixSuns,747,380,227.477287102108,215.063387841603
726,ChicagoBulls,PhoenixSuns,747,380,232.860953257078,208.550785004632
727,UtahJazz,PhoenixSuns,747,380,197.71791741467,208.493160497181
728,CharlotteHornets,PhoenixSuns,747,380,226.690856519484,214.880937473638
729,IndianaPacers,PhoenixSuns,747,380,219.709734798997,214.533485616934
730,DenverNuggets,PhoenixSuns,747,380,233.199861300132,221.729029979191
731,NewYorkKnicks,PhoenixSuns,747,380,212.417324335359,216.903628130203
732,SanAntonioSpurs,PhoenixSuns,747,380,205.350587599824,211.270126152893
733,DallasMavericks,PhoenixSuns,747,380,196.611749518488,210.798838791437
734,LosAngelesClippers,PhoenixSuns,747,380,214.961153749393,215.554198952714
735,MinnesotaTimberwolves,PhoenixSuns,747,380,228.075115071767,215.338019718601
736,MemphisGrizzlies,PhoenixSuns,747,380,215.772337664007,209.610150657448
737,AtlantaHawks,PhoenixSuns,747,380,193.633485858377,213.172768847329
738,BrooklynNets,PhoenixSuns,747,380,219.147656425963,221.108488680012
739,GoldenStateWarriors,PhoenixSuns,747,380,249.424560740458,222.706398083793
740,LosAngelesLakers,PhoenixSuns,747,380,211.754351001786,216.104540039405
741,PortlandTrailBlazers,PhoenixSuns,747,380,230.715526032963,216.387552465791
742,MiamiHeat,PhoenixSuns,747,380,209.23734605886,214.693188952714
743,OklahomaCityThunder,PhoenixSuns,747,380,227.986364339566,217.737076966488
744,TorontoRaptors,PhoenixSuns,747,380,220.400308347909,216.728221552916
745,PhoenixSuns,PhoenixSuns,747,380,212.994359607143,221.630812651258
746,SacramentoKings,PhoenixSuns,747,380,233.137232531556,214.688823951623
747,HoustonRockets,PhoenixSuns,747,380,244.553437945273,221.22792541162
748,MilwaukeeBucks,PhoenixSuns,747,380,202.175360006356,207.653992658949
749,OrlandoMagic,PhoenixSuns,747,380,188.922435498153,212.315830188379
750,BostonCeltics,PhoenixSuns,747,380,240.338687202196,214.426047344361
751,DetroitPistons,SacramentoKings,747,380,217.944113178551,207.138770431437
752,ClevelandCavaliers,SacramentoKings,747,380,229.769566701142,212.703155909847
753,NewOrleansPelicans,SacramentoKings,747,380,223.199330447967,209.693789490702
754,WashingtonWizards,SacramentoKings,747,380,211.395692956509,210.351017188847
755,PhiladelphiaErs,SacramentoKings,747,380,238.161091109259,208.931341331925
756,ChicagoBulls,SacramentoKings,747,380,211.276701149689,201.918868550172
757,UtahJazz,SacramentoKings,747,380,199.027749328037,202.226252006568
758,CharlotteHornets,SacramentoKings,747,380,238.884308023353,211.00912144015
759,IndianaPacers,SacramentoKings,747,380,212.42457841651,205.81625886916
760,DenverNuggets,SacramentoKings,747,380,215.727946356443,208.128773872202
761,NewYorkKnicks,SacramentoKings,747,380,197.690350987622,208.786194286748
762,SanAntonioSpurs,SacramentoKings,747,380,215.895948002385,209.250425293209
763,DallasMavericks,SacramentoKings,747,380,206.58508651025,203.388174651701
764,LosAngelesClippers,SacramentoKings,747,380,215.991092732039,207.705744183594
765,MinnesotaTimberwolves,SacramentoKings,747,380,221.905861909846,211.812813955529
766,MemphisGrizzlies,SacramentoKings,747,380,212.549763465984,204.745442143155
767,AtlantaHawks,SacramentoKings,747,380,208.808979608083,208.423820658148
768,BrooklynNets,SacramentoKings,747,380,243.714350190396,210.031369116886
769,GoldenStateWarriors,SacramentoKings,747,380,219.830756492236,211.176611455467
770,LosAngelesLakers,SacramentoKings,747,380,203.521008683111,207.529401559668
771,PortlandTrailBlazers,SacramentoKings,747,380,216.320700539974,205.822258799542
772,MiamiHeat,SacramentoKings,747,380,222.777986581831,207.021176302685
773,OklahomaCityThunder,SacramentoKings,747,380,212.790695728874,208.440321215133
774,TorontoRaptors,SacramentoKings,747,380,200.236112433852,211.79453375583
775,PhoenixSuns,SacramentoKings,747,380,218.862122028103,215.687569935736
776,SacramentoKings,SacramentoKings,747,380,219.601097762585,206.335349872457
777,HoustonRockets,SacramentoKings,747,380,218.088504748798,212.354913793412
778,MilwaukeeBucks,SacramentoKings,747,380,235.623021450571,203.696972125576
779,OrlandoMagic,SacramentoKings,747,380,200.216000529327,207.887585367013
780,BostonCeltics,SacramentoKings,747,380,216.184224161936,204.007724314335
781,DetroitPistons,HoustonRockets,747,380,215.813594999483,210.56499760906
782,ClevelandCavaliers,HoustonRockets,747,380,233.375945958776,217.252101999436
783,NewOrleansPelicans,HoustonRockets,747,380,232.945107004091,217.244973722773
784,WashingtonWizards,HoustonRockets,747,380,223.891077565111,218.232402179159
785,PhiladelphiaErs,HoustonRockets,747,380,227.765744976476,214.718051838383
786,ChicagoBulls,HoustonRockets,747,380,213.376814676993,208.117081745237
787,UtahJazz,HoustonRockets,747,380,219.433959324727,209.55567940534
788,CharlotteHornets,HoustonRockets,747,380,216.246453485631,213.040434026808
789,IndianaPacers,HoustonRockets,747,380,218.059749965925,215.552192823569
790,DenverNuggets,HoustonRockets,747,380,226.659064227333,219.29120063239
791,NewYorkKnicks,HoustonRockets,747,380,225.529324604258,215.676179542959
792,SanAntonioSpurs,HoustonRockets,747,380,225.21791741467,212.029491258604
793,DallasMavericks,HoustonRockets,747,380,207.777847677191,212.231011831168
794,LosAngelesClippers,HoustonRockets,747,380,238.880561350173,216.41379895238
795,MinnesotaTimberwolves,HoustonRockets,747,380,230.91468737726,214.638837603174
796,MemphisGrizzlies,HoustonRockets,747,380,207.182031206259,207.944186105133
797,AtlantaHawks,HoustonRockets,747,380,217.07226243711,215.238554325464
798,BrooklynNets,HoustonRockets,747,380,238.869315321656,218.082911161862
799,GoldenStateWarriors,HoustonRockets,747,380,224.610607554733,222.209630915235
800,LosAngelesLakers,HoustonRockets,747,380,219.934750705904,216.504441454486
801,PortlandTrailBlazers,HoustonRockets,747,380,233.421610328687,214.115365307276
802,MiamiHeat,HoustonRockets,747,380,212.395692956509,215.277616733709
803,OklahomaCityThunder,HoustonRockets,747,380,221.423769494951,217.521836515493
804,TorontoRaptors,HoustonRockets,747,380,241.210603517218,217.71484111374
805,PhoenixSuns,HoustonRockets,747,380,232.305386480243,220.150354918337
806,SacramentoKings,HoustonRockets,747,380,229.426429065871,213.707632949159
807,HoustonRockets,HoustonRockets,747,380,259.844772498518,219.517875244784
808,MilwaukeeBucks,HoustonRockets,747,380,250.571134899083,210.446246188027
809,OrlandoMagic,HoustonRockets,747,380,205.7763362429,213.225568594697
810,BostonCeltics,HoustonRockets,747,380,219.869680228448,213.004953817439
811,DetroitPistons,MilwaukeeBucks,747,380,200.55224732744,202.630799391544
812,ClevelandCavaliers,MilwaukeeBucks,747,380,222.345993160333,219.240148641795
813,NewOrleansPelicans,MilwaukeeBucks,747,380,229.802713877753,210.264775946101
814,WashingtonWizards,MilwaukeeBucks,747,380,215.17899367846,213.359751129112
815,PhiladelphiaErs,MilwaukeeBucks,747,380,203.015407079554,206.695986973407
816,ChicagoBulls,MilwaukeeBucks,747,380,203.609693728503,198.659190117257
817,UtahJazz,MilwaukeeBucks,747,380,184.207580648636,197.382249084896
818,CharlotteHornets,MilwaukeeBucks,747,380,215.062028770405,214.834954054855
819,IndianaPacers,MilwaukeeBucks,747,380,219.534015047142,205.614074170602
820,DenverNuggets,MilwaukeeBucks,747,380,228.47728710211,214.329626988969
821,NewYorkKnicks,MilwaukeeBucks,747,380,204.05146872976,208.546559063159
822,SanAntonioSpurs,MilwaukeeBucks,747,380,192.047179994862,198.610068875075
823,DallasMavericks,MilwaukeeBucks,747,380,186.1281406534,201.021835919636
824,LosAngelesClippers,MilwaukeeBucks,747,380,198.927050889551,204.316106871357
825,MinnesotaTimberwolves,MilwaukeeBucks,747,380,204.245847028078,209.359396751699
826,MemphisGrizzlies,MilwaukeeBucks,747,380,201.307694175942,199.815553451756
827,AtlantaHawks,MilwaukeeBucks,747,380,216.102804448151,210.315215173523
828,BrooklynNets,MilwaukeeBucks,747,380,223.052896331149,211.817090653323
829,GoldenStateWarriors,MilwaukeeBucks,747,380,226.849568323922,214.649597688101
830,LosAngelesLakers,MilwaukeeBucks,747,380,214.911554376425,209.954864257964
831,PortlandTrailBlazers,MilwaukeeBucks,747,380,197.606239505304,205.37307916356
832,MiamiHeat,MilwaukeeBucks,747,380,187.560112880945,205.115277862228
833,OklahomaCityThunder,MilwaukeeBucks,747,380,226.931666280949,208.665331621277
834,TorontoRaptors,MilwaukeeBucks,747,380,200.725029673391,211.94694948385
835,PhoenixSuns,MilwaukeeBucks,747,380,228.873426901625,217.888738166006
836,SacramentoKings,MilwaukeeBucks,747,380,219.606239505304,208.031909308992
837,HoustonRockets,MilwaukeeBucks,747,380,207.641483016164,214.913801448357
838,MilwaukeeBucks,MilwaukeeBucks,747,380,239.235996570748,200.74921618152
839,OrlandoMagic,MilwaukeeBucks,747,380,210.632938498193,205.21492822482
840,BostonCeltics,MilwaukeeBucks,747,380,217.3855243984,205.489562703724
841,DetroitPistons,OrlandoMagic,747,380,207.816337054292,210.391489552768
842,ClevelandCavaliers,OrlandoMagic,747,380,213.18923743437,221.446756806021
843,NewOrleansPelicans,OrlandoMagic,747,380,214.033772058513,219.167136805188
844,WashingtonWizards,OrlandoMagic,747,380,224.339581823979,224.334151842176
845,PhiladelphiaErs,OrlandoMagic,747,380,216.958938537589,216.22357194593
846,ChicagoBulls,OrlandoMagic,747,380,195.372757167267,206.618929272787
847,UtahJazz,OrlandoMagic,747,380,215.962294400412,209.537967257868
848,CharlotteHornets,OrlandoMagic,747,380,215.803974251434,218.969521031746
849,IndianaPacers,OrlandoMagic,747,380,198.581581661701,216.159974260644
850,DenverNuggets,OrlandoMagic,747,380,213.912876881106,226.937603490236
851,NewYorkKnicks,OrlandoMagic,747,380,213.483413927797,216.185172977676
852,SanAntonioSpurs,OrlandoMagic,747,380,195.245343216648,211.34729730753
853,DallasMavericks,OrlandoMagic,747,380,215.761204636564,211.452721708403
854,LosAngelesClippers,OrlandoMagic,747,380,209.477790913538,216.770444610071
855,MinnesotaTimberwolves,OrlandoMagic,747,380,209.245343216648,217.044489057544
856,MemphisGrizzlies,OrlandoMagic,747,380,204.328858284443,207.986739346485
857,AtlantaHawks,OrlandoMagic,747,380,220.179972393265,216.819260401363
858,BrooklynNets,OrlandoMagic,747,380,211.819777026967,224.317941552923
859,GoldenStateWarriors,OrlandoMagic,747,380,227.752842571987,226.454311452092
860,LosAngelesLakers,OrlandoMagic,747,380,211.179610490965,218.485132084909
861,PortlandTrailBlazers,OrlandoMagic,747,380,220.040141872832,217.510618895652
862,MiamiHeat,OrlandoMagic,747,380,232.160477301245,217.975885845441
863,OklahomaCityThunder,OrlandoMagic,747,380,240.446294075856,220.639377365076
864,TorontoRaptors,OrlandoMagic,747,380,228.986911835421,221.560731385535
865,PhoenixSuns,OrlandoMagic,747,380,225.023684320956,228.842630240636
866,SacramentoKings,OrlandoMagic,747,380,225.737346058861,216.66013332713
867,HoustonRockets,OrlandoMagic,747,380,239.523776641485,225.37901214936
868,MilwaukeeBucks,OrlandoMagic,747,380,210.886079986655,208.527405517359
869,OrlandoMagic,OrlandoMagic,747,380,231.048776851986,215.514831457208
870,BostonCeltics,OrlandoMagic,747,380,222.348491248743,216.244763436651
871,DetroitPistons,BostonCeltics,747,380,210.574085310855,205.302047259427
872,ClevelandCavaliers,BostonCeltics,747,380,229.941696273498,212.778406742194
873,NewOrleansPelicans,BostonCeltics,747,380,215.313594999481,209.267456827228
874,WashingtonWizards,BostonCeltics,747,380,227.894615881329,210.500709502331
875,PhiladelphiaErs,BostonCeltics,747,380,212.667458973209,207.396535559182
876,ChicagoBulls,BostonCeltics,747,380,200.393122114673,200.322469586064
877,UtahJazz,BostonCeltics,747,380,215.431666280949,203.47324597453
878,CharlotteHornets,BostonCeltics,747,380,211.465357813257,212.095522014818
879,IndianaPacers,BostonCeltics,747,380,210.579273966001,207.243107581802
880,DenverNuggets,BostonCeltics,747,380,225.078269347634,210.213082458665
881,NewYorkKnicks,BostonCeltics,747,380,220.04432290512,208.762061023032
882,SanAntonioSpurs,BostonCeltics,747,380,218.395692956509,207.549165291106
883,DallasMavericks,BostonCeltics,747,380,225.800559727393,205.869334844355
884,LosAngelesClippers,BostonCeltics,747,380,215.5823809276,207.834431523773
885,MinnesotaTimberwolves,BostonCeltics,747,380,225.623890168791,208.956180520039
886,MemphisGrizzlies,BostonCeltics,747,380,216.760839729775,204.918240911905
887,AtlantaHawks,BostonCeltics,747,380,212.629988086423,211.743282611777
888,BrooklynNets,BostonCeltics,747,380,208.004099096071,208.720282314325
889,GoldenStateWarriors,BostonCeltics,747,380,204.489401848845,210.366867326309
890,LosAngelesLakers,BostonCeltics,747,380,213.035891388223,208.607332134274
891,PortlandTrailBlazers,BostonCeltics,747,380,232.827302269036,206.272330093514
892,MiamiHeat,BostonCeltics,747,380,205.593931075974,205.213950686877
893,OklahomaCityThunder,BostonCeltics,747,380,196.917054034657,206.086477369715
894,TorontoRaptors,BostonCeltics,747,380,216.594379668773,211.616070769422
895,PhoenixSuns,BostonCeltics,747,380,212.628870466979,214.131219741112
896,SacramentoKings,BostonCeltics,747,380,212.074881572262,204.975576243914
897,HoustonRockets,BostonCeltics,747,380,217.313594999481,212.216991940682
898,MilwaukeeBucks,BostonCeltics,747,380,208.220923028236,201.293335230009
899,OrlandoMagic,BostonCeltics,747,380,213.468867238253,204.465608806724
900,BostonCeltics,BostonCeltics,747,380,232.541734986894,204.053033844416
